{
  "easycom": {
    "custom": {
      "^u--(.*)": "uview-plus/components/u-$1/u-$1.vue",
      "^up-(.*)": "uview-plus/components/u-$1/u-$1.vue",
      "^u-([^-].*)": "uview-plus/components/u-$1/u-$1.vue"
    }
  },
  "pages": [
    {
      "path": "pages/index/index",
      "style": { "navigationStyle": "custom" }
    },
    {
      "path": "pages/me/index",
      "style": { "navigationStyle": "custom" }
    }
  ],
  "tabBar": {
    "color": "#666666",
    "selectedColor": "#2BC4B8",
    "backgroundColor": "#ffffff",
    "borderStyle": "black",
    "iconWidth": 20,
    "fontSize": 12,
    "list": [
      {
        "pagePath": "pages/index/index",
        "text": "首页",
        "iconPath": "static/images/tabBar/3x/home@3x.png",
        "selectedIconPath": "static/images/tabBar/3x/home_selected@3x.png"
      },
      {
        "pagePath": "pages/me/index",
        "text": "我的",
        "iconPath": "static/images/tabBar/3x/me@3x.png",
        "selectedIconPath": "static/images/tabBar/3x/me_selected@3x.png"
      }
    ]
  },
  "globalStyle": {
    "navigationBarTextStyle": "black",
    "navigationBarTitleText": "智慧楼宇",

    "navigationBarBackgroundColor": "#F8F8F8",
    "backgroundColor": "#F8F8F8"
  }
}
